name.firstName,name.lastName,age,address.line1,address.line2,address.city,address.state,gender
Blinni,Gyde,94,086 Stang Parkway,17th Floor,Xiwu,,Bigender
Claresta,Flintuff,70,5 Miller Avenue,Apt 1128,Liaoyang,,Non-binary
Dorene,Le Claire,67,4516 Ilene Terrace,PO Box 3411,Carice,,Non-binary
Rooney,Sergison,87,68 Waubesa Street,Suite 23,Futian,,Genderqueer
Melba,Keenan,59,6234 Annamark Center,12th Floor,Kętrzyn,,Female
Joana,Gregoraci,46,924 Oxford Point,Room 1312,Lipka,,Female
Humfrey,Girk,2,8154 Independence Place,PO Box 75778,Cuihuangkou,,Male
Ardenia,Ledes,24,5 Prairieview Junction,Suite 12,Obikiik,,Female
Karie,Tysall,32,00411 Grim Crossing,Room 1605,Ivry-sur-Seine,Île-de-France,Female
Tate,Creggan,118,4 Glacier Hill Road,Suite 76,Bacnor East,,Female
Jeanne,Altimas,113,249 Gulseth Park,PO Box 84267,Köping,Västmanland,Female
Brander,Cracknell,2,59708 Eggendart Trail,Room 57,Qingkou,,Male
Wendye,Inskipp,79,3203 North Point,Suite 63,Taihu,,Female
Hieronymus,Baynard,65,2 Boyd Hill,Apt 1945,Studénka,,Male
Nessa,Betterton,112,3 Riverside Terrace,11th Floor,Berovo,,Female
Ashia,Glaze,48,42 Huxley Alley,Apt 469,Piraí,,Female
Marj,Vineall,93,3 Susan Point,Apt 1868,Houten,Provincie Utrecht,Genderfluid
Maryellen,Middas,114,4 Main Point,PO Box 59729,Powassan,Ontario,Female
Fey,Barbery,18,1 School Parkway,Suite 42,Sīrīs,,Female
Raoul,Farnell,114,8769 Leroy Crossing,Suite 62,Khawrah,,Male
Reagan,Chalcot,41,23195 Goodland Alley,PO Box 38123,Samur,,Male
Ninetta,Cristofaro,43,40 Declaration Road,Apt 55,Cairima,,Female
Odessa,Labrom,97,3 Holy Cross Pass,Suite 67,Wan’an,,Female
Alistair,Hearst,42,2 Dixon Street,Suite 9,Uścimów Stary,,Male
Doreen,Hinsche,52,3 Johnson Pass,PO Box 708,Mâcon,Bourgogne,Female
Roxie,Wessell,24,3 Jackson Place,PO Box 80099,Liulin,,Female
Sloan,Wavell,89,5514 Linden Way,PO Box 65584,Gaizhou,,Male
Nigel,Beedell,72,61 Schmedeman Drive,9th Floor,Souillac,,Male
Bowie,Kowal,33,50 Old Gate Court,PO Box 20032,Henghe,,Male
Candida,Fawlo,90,7 Anthes Avenue,Apt 794,Tapado,Porto,Non-binary
Brien,Zannotelli,66,3712 Eastlawn Way,3rd Floor,Dolna Banjica,,Male
Dodie,Sammon,97,4 Victoria Place,Apt 1109,Dairiti,,Female
Muhammad,Hold,101,38 Waxwing Way,15th Floor,Al ‘Āliyah,,Male
Marcelline,Maliphant,37,06 South Drive,16th Floor,Itabirito,,Female
Elset,Klimkovich,22,68 Westerfield Center,PO Box 52445,Ḑubāh,,Female
Levi,Rosi,57,27025 Dawn Terrace,Room 996,Seixas do Douro,Guarda,Male
Carmen,Nixon,28,303 Thackeray Drive,Room 1955,Kelungkung,,Female
Claudelle,Pero,43,758 Claremont Trail,Apt 1237,Yujia,,Female
Rudolph,MacTrustram,11,16469 Alpine Parkway,Suite 86,Santa Helena,,Male
Dulcine,Dorran,49,398 Dahle Plaza,Suite 69,Kujang-ŭp,,Female
Sherye,Topes,91,66 Manufacturers Lane,Room 477,Pljevlja,,Female
Alta,Klaassens,105,3 Katie Place,Apt 440,Namasuba,,Female
Veronica,Rasor,64,635 Dennis Pass,1st Floor,Changmao,,Female
Dixie,Bister,22,84 Florence Center,Suite 41,Nocaima,,Agender
Sallie,Sparkwell,36,30 Forest Run Street,PO Box 33695,Pospelikha,,Female
Moises,de Mullett,2,86335 Sauthoff Trail,Suite 25,Évry,Île-de-France,Agender
Webb,Plevin,42,9491 Comanche Road,Suite 7,Saintes,Poitou-Charentes,Male
Deina,Carruth,37,8 Blaine Park,Suite 35,Tío Pujio,,Female
Enrique,Dyball,94,6 Thackeray Avenue,Room 230,Sapareva Banya,,Bigender
Kristina,Cossor,117,20880 Oakridge Street,Room 1481,Bucu Kidul,,Female
Matias,Huddle,1,9384 Oak Place,PO Box 10442,Oslo,Oslo,Male
Lenore,Stranio,97,48468 Pennsylvania Plaza,Apt 971,Lammi,,Female
Lira,Claybourne,52,6610 Lawn Avenue,15th Floor,Antalaha,,Female
Even,Andrea,23,39 Larry Way,Apt 104,Ipauçu,,Male
Christyna,Huskisson,24,93022 Orin Court,PO Box 19429,Sandefjord,Vestfold,Female
Rene,Antalffy,4,27 Superior Junction,Suite 96,Baiyushan,,Polygender
Drusy,Benitez,30,9030 New Castle Hill,PO Box 58807,Caldas,,Female
Nelia,Cordobes,90,61338 Northfield Lane,18th Floor,Pérama,,Female
Bronson,Minihan,51,94753 Summer Ridge Crossing,PO Box 55748,Bralin,,Male
Fanni,Pavelin,19,5066 Montana Terrace,PO Box 47796,Saatlı,,Female
Mord,Pace,92,6 Kensington Plaza,17th Floor,Szydłowo,,Male
Nichole,Cuffley,30,39 Scott Lane,Apt 1747,Soroca,,Non-binary
Tilly,Mardell,41,20 Tomscot Trail,Suite 68,Portelinha,Porto,Female
Marcy,Wollard,66,4 Boyd Pass,Room 692,Saint-Amand-les-Eaux,Nord-Pas-de-Calais,Female
Ring,Hehnke,98,40 Clyde Gallagher Hill,Apt 1691,Péfki,,Bigender
Salaidh,Quayle,76,56 Di Loreto Point,14th Floor,Yelkhovka,,Female
Nanny,Santostefano.,48,4783 Linden Hill,Suite 56,Watuweri,,Female
Aldridge,Vasyushkhin,23,5078 Melrose Point,Apt 1141,Barrī ash Sharqī,,Male
Dasie,Roelofs,34,06422 Morning Parkway,17th Floor,Thongwa,,Female
Jodie,Rubinowicz,89,60927 Nelson Street,Suite 69,Roshal’,,Male
Orlan,Cunniam,40,031 Cambridge Trail,Apt 1989,Quxi,,Male
Tedra,Medgwick,14,0 Orin Drive,17th Floor,Pechenizhyn,,Female
Normy,Pittet,51,75 Veith Terrace,Room 1003,Mianay,,Male
Nonah,O'Hagerty,100,99 Daystar Hill,PO Box 90852,Lahan Sai,,Female
Breena,Darlison,114,19846 Londonderry Crossing,Apt 1124,Khodzha-Maston,,Female
Cory,Tapp,34,5127 Nova Road,Suite 39,Charlemagne,Québec,Male
Michaeline,Benninger,82,778 Declaration Crossing,Apt 1953,Borodinskiy,,Female
Rosemary,Episcopi,26,735 Florence Terrace,Apt 936,Eadestown,,Polygender
Micah,Vequaud,34,0 Crescent Oaks Street,Apt 1470,Nankun,,Male
Trstram,Tompkin,68,4500 Hollow Ridge Road,Room 827,Havtsal,,Male
Craig,Garlant,25,88 Anthes Place,PO Box 67760,Ruda Maleniecka,,Male
Donal,Windas,22,8 Marcy Circle,Apt 553,Kontagora,,Male
Maximilianus,Tommasi,72,06087 Dahle Court,PO Box 31332,Barotac Nuevo,,Male
Rodolfo,Creasey,27,70 Beilfuss Road,Apt 1767,Xambabazar,,Male
Denny,MacGilrewy,56,5280 Carpenter Trail,Room 584,Jiaoziya,,Female
Shermie,Knagges,90,32 Melvin Park,5th Floor,Nîmes,Languedoc-Roussillon,Male
Steffen,Brasse,71,596 Merchant Court,Suite 63,Qianjin,,Male
Benedikt,De Few,16,71 Lighthouse Bay Hill,Room 1972,Kashiwa,,Male
Egor,Worthington,43,034 Sommers Drive,14th Floor,Dagua,,Male
Alfie,Domek,26,3 Jana Court,Room 1384,Surgut,,Non-binary
Luisa,Kilvington,85,61539 Holy Cross Circle,Room 1741,Armação de Búzios,,Female
Sidonia,Allmen,110,91991 Kennedy Terrace,Suite 43,Cereté,,Female
Talia,Beardsley,71,2909 1st Avenue,PO Box 81113,San Carlos,,Female
Gamaliel,Spreckley,28,59811 Laurel Crossing,7th Floor,Skanör,Skåne,Male
Briana,Howsden,52,10855 Wayridge Park,10th Floor,Huangliang,,Female
Osborne,Nuscha,70,9583 Prairie Rose Plaza,Apt 1560,Corzuela,,Male
Beatrice,Vayro,63,80 Stuart Plaza,PO Box 34612,Rauma,,Female
Brenda,Corn,71,1978 Forster Drive,Apt 1978,Borovan,,Female
Orin,Volett,15,03 Veith Hill,Apt 58,Ban Mai,,Male
Kakalina,McKennan,40,28 Mesta Way,PO Box 2343,Villa Carlos Paz,,Female
Reagen,Allain,116,05611 Harbort Point,Room 119,Haifa,,Male
Shepard,Stobbe,15,32 Dahle Trail,Room 1128,Qvareli,,Male
Derrick,Connold,6,04 Havey Terrace,Apt 1669,Arrah,,Male
Vassily,Klimek,97,36 Mesta Lane,Apt 1630,Houston,Texas,Male
Frasquito,Barnewall,55,1960 Darwin Road,10th Floor,Buyende,,Male
Emelen,Wyburn,20,277 Stang Crossing,Room 296,Iroquois Falls,Ontario,Male
Abraham,Woodland,4,56870 American Ash Place,Suite 23,Aş Şūrah aş Şaghīrah,,Male
Camile,Nassie,77,090 Laurel Crossing,Apt 681,La Salud,,Female
Anthony,Sparrowe,28,4 Grasskamp Place,10th Floor,Sūrīān,,Male
Petronella,Pashby,98,203 Spaight Road,Suite 97,Nunchía,,Bigender
Wynny,Southerden,71,7 Quincy Trail,Room 1190,Hake,,Female
Katherine,Burn,41,10 1st Avenue,Suite 97,Puerto Galera,,Female
Pietra,Godlip,8,013 Basil Drive,PO Box 53483,Mamali,,Female
Bellina,Cholton,114,14 Browning Road,PO Box 64320,Haolaishan,,Female
Lyndy,Daveren,74,72934 Orin Junction,20th Floor,Lingshan,,Female
Donny,Pethrick,31,3 Randy Plaza,Suite 52,Sertãozinho,,Female
Jeannine,Sancias,95,12 Badeau Way,Apt 1129,Cortes,,Female
Hoebart,Newbatt,108,1503 Arapahoe Street,12th Floor,Atawutung,,Male
Giffie,Thebeaud,73,0750 Banding Terrace,17th Floor,Naberera,,Male
Linoel,Talbot,106,43 Golf Court,Suite 47,Stockton,California,Male
Devonne,Talloe,89,0182 Toban Avenue,Suite 84,Laoxialu,,Female
Karissa,Alvar,3,21055 Pine View Circle,Apt 1786,Vila Franca,Viana do Castelo,Female
Bruno,Huc,72,84 Springview Hill,6th Floor,Ożarowice,,Male
Nollie,Meneely,38,92915 Myrtle Circle,Apt 1685,Rumilly,Rhône-Alpes,Male
Ysabel,Yorston,60,87475 Straubel Junction,PO Box 65564,Tutut,,Non-binary
Arabela,Crosi,55,857 Caliangt Lane,Apt 503,Nanxi,,Female
Ulric,Abramow,49,54263 Troy Plaza,12th Floor,Huanggang,,Male
Buddie,Huff,95,610 Doe Crossing Junction,PO Box 36379,Haoxue,,Male
Alis,McCrostie,105,5070 Park Meadow Trail,Suite 17,Cut-cut Primero,,Female
Miguela,Walmsley,50,55104 Susan Park,Apt 1806,Tulle,Limousin,Genderqueer
Malissia,Plott,19,9766 Pankratz Avenue,PO Box 89889,Ban Tak,,Female
Nathaniel,Marginson,118,382 Claremont Hill,Room 134,Zhangdian,,Male
Spense,Lundon,34,70617 Harbort Crossing,16th Floor,Castrovirreyna,,Male
Markus,McArdell,25,01452 Londonderry Court,Suite 92,Santiago Nonualco,,Male
Karrah,Crippell,9,897 Cottonwood Junction,Suite 2,Deranitan,,Female
Salaidh,Daintree,7,3 Oriole Place,PO Box 64069,Kopang Satu,,Female
Layney,Seniour,83,7 Daystar Avenue,Suite 50,Tengah,,Female
Lanie,Rickersey,32,6380 Shelley Road,Room 101,Asprángeloi,,Male
Eba,Satterly,79,18044 Anthes Plaza,Suite 2,Montongtebolak,,Female
Hillie,Astlet,118,0 Esch Trail,PO Box 24045,Dzhalka,,Male
Flory,Randerson,44,0242 High Crossing Parkway,Apt 1444,Bender,,Male
Hollis,Blucher,48,7 Summerview Street,PO Box 35132,Luhanka,,Male
Schuyler,Cleife,25,72 Cottonwood Terrace,Suite 10,Chillán,,Male
Niven,Tofful,102,68 Novick Junction,Suite 72,Luzon,,Male
Tomasine,Ronchetti,34,00478 Kensington Hill,19th Floor,Mê Linh,,Female
Orren,Ainslee,0,389 Mesta Pass,18th Floor,Duqiong,,Male
Alexandr,Kemston,104,92 Ridgeview Trail,Suite 68,Uitiuhtuan,,Male
Orbadiah,Miguel,98,170 Jenifer Pass,Apt 1448,Cascais,Lisboa,Male
Ross,Guerreiro,62,982 Pankratz Lane,Suite 68,Whitchurch,England,Male
Kelsi,Dillinton,12,91833 Pine View Parkway,Room 480,Alepoú,,Female
Tedd,Farmar,65,37 Artisan Place,PO Box 71159,Ikang,,Male
Judas,Callen,97,82253 Forest Road,Suite 71,Kralupy nad Vltavou,,Male
Cori,Whitely,75,45887 Lindbergh Lane,Room 1983,Hengshan,,Male
Miguela,Ojeda,92,10 Morning Junction,Suite 65,Butou,,Female
Alma,Hayward,50,80 Brentwood Park,Apt 785,Huerta Grande,,Female
Rem,Osbiston,1,5503 Lillian Point,Apt 1467,Takanosu,,Male
Deanna,Mabon,88,20102 Haas Crossing,Room 1202,Abobo,,Female
Gawen,Bremmell,93,5411 Memorial Crossing,Apt 759,Ulaan-Ereg,,Male
Frants,Jinkins,13,714 Manley Parkway,Apt 1422,Rennes,Bretagne,Male
Leslie,Dinwoodie,120,0653 Upham Crossing,Suite 50,Passo Fundo,,Male
Gerrie,Ballinger,90,4 Packers Road,Suite 10,Biograd na Moru,,Male
Rosie,Guisby,30,1718 Redwing Alley,16th Floor,Mir,,Polygender
Meggi,Phillput,74,428 Sherman Junction,Suite 38,Doro Oo,,Female
Jackson,Connett,82,463 Quincy Road,7th Floor,Xinming,,Male
Lynna,Dunkerly,75,141 New Castle Terrace,Apt 386,Tandag,,Bigender
Cash,Mosdell,95,10 Nova Center,Suite 27,Talaibon,,Male
Norean,Kopisch,39,864 Namekagon Way,Room 536,Solikamsk,,Female
Basilio,Kennea,88,371 Maple Wood Alley,PO Box 71660,Anjiang,,Male
Lucita,Honatsch,62,1 Nevada Terrace,Room 595,Prudentópolis,,Female
Julian,MacGiany,116,84287 Roxbury Plaza,Suite 100,Dadapan,,Male
Edy,Chomicz,4,33 Rowland Street,Apt 582,Pretana,,Female
Stephannie,Harold,94,57 Sutherland Drive,20th Floor,Dusun Tengah Cihaurbeuti,,Female
Iona,Kobiera,106,0729 Vidon Pass,PO Box 49994,Xianxi,,Female
Rowland,Doidge,106,5 Heffernan Trail,Suite 7,Pont-Audemer,Haute-Normandie,Male
Erinn,Rimbault,21,95 Sutteridge Street,Apt 1329,Szeged,Csongrád,Female
Catarina,Tubby,92,8861 Barnett Terrace,Suite 3,Changtan,,Female
Beverlie,Liptrot,11,6 Mayfield Avenue,Apt 1560,Citundun,,Female
Sanson,Gurery,12,03 Autumn Leaf Trail,PO Box 61781,Sawahan,,Male
Jolynn,Alday,13,3 Manley Street,12th Floor,Santa Cruz,Chiapas,Female
Jenni,Mackriell,114,0925 Grayhawk Park,Room 1011,Divnoye,,Genderfluid
Elijah,Boatright,64,37 Graceland Trail,Apt 147,Côn Sơn,,Male
Ripley,Da Costa,43,78 Dakota Road,12th Floor,Jimaguayú,,Male
Lurline,Doleman,92,5706 Vidon Court,Apt 54,Kroya,,Female
Robinett,MacAless,39,57307 Lien Terrace,18th Floor,Xiyuan,,Female
Pail,Beevens,63,364 Commercial Circle,Suite 52,Wurno,,Male
Si,Giacopelo,68,70774 Talmadge Circle,Apt 934,Burns Lake,British Columbia,Male
Orelee,Herculeson,117,4237 Thackeray Pass,Room 729,Rokem Barat,,Female
Pansie,Keaysell,56,92 Meadow Ridge Street,PO Box 16263,Sakhnīn,,Female
Baron,Tidswell,49,7 Corscot Drive,Apt 1700,Yanling,,Male
Gardie,Meeks,19,7579 Tennyson Plaza,10th Floor,Baytā al Fawqā,,Male
Amos,Calkin,48,8 Farmco Place,PO Box 20248,Tygda,,Male
Halie,Honnan,38,08 Lunder Drive,Apt 74,Wangcun,,Female
Bartolomeo,Orrick,47,6349 Buell Court,Apt 105,Lurut,,Male
Demetri,Yeoland,62,9 Lien Road,Room 1167,Clichy,Île-de-France,Male
Alric,Husher,119,31938 Meadow Vale Plaza,Suite 12,Washington,District of Columbia,Male
Seka,Pretsel,92,48002 Magdeline Trail,2nd Floor,Suohe,,Female
Logan,Higounet,42,1 Waywood Pass,PO Box 21069,Nizhniy Tsasuchey,,Male
Brenda,Mapplethorpe,109,62 Melvin Avenue,PO Box 48745,Maiduguri,,Female
Mathias,Klemps,37,4450 Atwood Alley,PO Box 35615,Federal,,Male
Bernelle,Try,117,300 Hintze Trail,Apt 1714,Sirre,,Female
Jaymie,Billham,60,0 Pennsylvania Crossing,Room 421,Diriamba,,Male
Sioux,Paolo,71,64 Shelley Center,Suite 30,Örebro,Örebro,Female
Christophe,Siuda,80,2127 Birchwood Plaza,PO Box 1946,Mizque,,Male
Sibylla,Sherrington,5,148 Colorado Avenue,14th Floor,Bol’shoye Skuratovo,,Female
Alysa,Beekmann,21,57208 Columbus Road,Suite 88,El Cocuy,,Female
Wendy,Beedle,59,488 Manley Trail,Apt 1765,Otaslavice,,Female
Evin,Adney,99,770 Pepper Wood Hill,13th Floor,Chugay,,Male
Barris,Vause,35,20 Merry Park,Suite 40,Concepción,,Male
Wildon,Glabach,82,7137 Ridgeview Court,18th Floor,Ma‘dān,,Male
Damon,Kerwick,31,603 Bonner Crossing,PO Box 20255,Adolfo Lopez Mateos,Veracruz Llave,Genderfluid
Minne,Puffett,50,243 Crowley Way,Suite 57,Mabusag,,Female
Modesta,Keirl,85,787 Rigney Terrace,PO Box 20237,Luoshan,,Female
Lianne,Gronav,79,83794 Tomscot Center,Room 18,Prilep,,Female
Janeva,McRitchie,80,26789 Steensland Place,Suite 43,Igrejinha,,Female
Rafe,Lobell,24,1 Sugar Lane,Room 388,Baimiao,,Male
Steffie,Doring,30,55399 Stephen Drive,Suite 51,Flushing,New York,Genderqueer
Jehanna,Coast,69,070 Onsgard Park,Suite 87,Shuangqiao,,Female
Josselyn,Forsard,24,0 Stoughton Plaza,Apt 1660,Rio Claro,,Female
Rosabella,Kiddy,61,57370 Bobwhite Street,3rd Floor,Hicksville,New York,Female
Tori,Lidgett,91,06457 Melrose Center,PO Box 75660,Cikotok,,Female
Howard,Nesterov,108,273 Bonner Avenue,Apt 1312,Tillabéri,,Male
Keane,Morigan,113,348 Carey Junction,Suite 16,Simabur,,Male
Claudetta,Hauxby,78,8 Merrick Park,16th Floor,Buenaventura,,Polygender
Estella,Crosoer,6,1 Melby Alley,6th Floor,Mapiripán,,Female
Olivie,Booth,84,28 Atwood Plaza,Suite 78,High Prairie,Alberta,Female
Debby,Franzen,10,07220 Thackeray Junction,4th Floor,Ādilpur,,Female
Richardo,Illem,88,9 Butternut Terrace,Apt 603,Borova,,Male
Tallie,Duchart,95,0 Dottie Alley,7th Floor,Taramana,,Female
Tildie,Readshall,19,8300 Macpherson Street,Apt 1523,Big Bend,,Female
Nathanael,Akess,45,9309 Chinook Center,Room 1648,Bisert’,,Bigender
Terrell,Olliffe,58,830 Vermont Alley,PO Box 67785,Changqiao,,Genderfluid
Conney,Kleisel,26,654 Coolidge Lane,Suite 45,Racławice,,Male
Theobald,Maffi,115,2 Main Parkway,PO Box 52194,Bobojong,,Male
Port,McMickan,108,5736 Gerald Parkway,13th Floor,Liangwa,,Non-binary
Hazel,Huddle,92,2469 Gina Hill,PO Box 98884,Gudermes,,Male
Far,Cornbill,26,63105 Scott Trail,Room 1598,Visby,Gotland,Male
Ginelle,Szymon,16,47 Harper Pass,Room 522,La Cruz de Taratara,,Female
Rockwell,Goodsall,95,3064 Red Cloud Terrace,Apt 1942,Tras Cerros,,Male
Cathie,Lezemere,93,86667 Spaight Street,Suite 98,Arthur’s Town,,Female
Vonnie,McCarthy,4,408 Northfield Junction,Suite 22,Kaliuda,,Female
Erick,Sandison,57,0 Melby Circle,Apt 247,Pas Pul,,Agender
Doralynne,Goudy,35,686 Oakridge Drive,3rd Floor,Lazaro Cardenas,Tamaulipas,Female
Gibbie,Levine,61,34816 Knutson Center,PO Box 81654,Desovo,,Male
Chiquia,Georgel,99,4 Starling Terrace,PO Box 83433,Yangping,,Female
Karlotta,Roan,73,85 Carioca Alley,Room 497,Feng’an,,Female
Stephine,Hub,47,208 Grim Park,Suite 32,Mankoeng,,Female
Dav,Hugo,79,9332 Forster Terrace,Apt 1177,Raciążek,,Male
Kiah,Haigh,103,976 Mayfield Road,Suite 50,Bajo Naranjillo,,Female
Rolfe,Behrendsen,14,0 Independence Parkway,Room 449,Linamon,,Male
Tybalt,Abethell,19,8 Anderson Point,Room 19,Whitegate,,Male
Etta,Druhan,85,4 Eastlawn Drive,PO Box 72494,Oripää,,Female
Swen,Cardnell,58,5467 American Crossing,19th Floor,Junqueiro,Lisboa,Male
Francoise,Growy,119,3435 Gina Avenue,20th Floor,Dongqianhu,,Female
Kennedy,MacAne,20,591 Eastlawn Road,PO Box 66190,Aliwal North,,Male
Dennis,Bain,76,5401 3rd Terrace,2nd Floor,Mūsa Khel Bāzār,,Male
Phedra,Knolles-Green,7,660 Westend Point,Room 483,Malaba,,Female
Salomo,Lenahan,42,878 Division Lane,Apt 1388,Yishui,,Genderfluid
Gibb,Frisel,38,44545 Redwing Street,Suite 54,Diadi,,Male
Carree,Franssen,65,478 Crowley Pass,Apt 947,Jargalant,,Female
Hakeem,Teasdale,69,51157 Duke Drive,Suite 53,Lyuboml’,,Male
Lou,Gooble,19,83810 Montana Crossing,Suite 20,Chiryū,,Female
Isidoro,Borzone,83,5564 Erie Hill,Suite 93,Buffalo,New York,Male
Libbi,Bobasch,112,6214 Chive Circle,PO Box 48433,Lille,Nord-Pas-de-Calais,Female
Alfonse,Limb,36,17 Rieder Trail,PO Box 41210,Miguel Hidalgo,Distrito Federal,Male
Tallie,Bamlett,11,66 Hoard Point,5th Floor,Ciseureuheun,,Female
Arie,McCrudden,28,3 Mifflin Street,Apt 1335,Markovo,,Male
Daryl,Nornable,11,3 Maple Wood Road,Room 587,Minneapolis,Minnesota,Male
Shanta,Hainey`,103,8 Thompson Park,PO Box 5566,Kangasala,,Female
Emelina,Sweedy,80,18 Swallow Park,Suite 66,Mocupe,,Female
Leonidas,Edmeades,120,65 Stoughton Avenue,PO Box 51667,Chayek,,Male
Rodrique,Pickle,37,1476 Merrick Trail,Room 756,Liverpool,England,Male
Leanna,Cameron,20,24 Chinook Avenue,Room 1306,Conqueiros,Leiria,Female
Obidiah,Stodit,35,8768 Oriole Circle,Suite 55,Cinyawang,,Male
Dyana,Adenet,21,9151 Division Circle,5th Floor,Majdal Banī Fāḑil,,Female
Weylin,Eger,104,3 Karstens Drive,PO Box 44140,Macaé,,Genderqueer
Benedikt,Gerler,46,9763 Waywood Parkway,Apt 1665,Dananyu,,Male
Dorey,Burrel,74,20 Golf View Plaza,9th Floor,Kendal,,Male
Vonni,Gamble,12,6817 Forest Court,Suite 36,Carvalhal,Leiria,Female
Tiler,Meddows,24,612 Crowley Way,PO Box 52014,Woken,,Male
Todd,Saich,104,1 Shopko Court,Room 73,Velyka Oleksandrivka,,Male
Cindy,Ricca,35,198 Corben Terrace,Room 729,Tigbao,,Female
Bartlet,Oakhill,1,23910 Old Gate Parkway,Room 1808,Songshan,,Male
Alastair,Boult,77,4 Dakota Street,Apt 1177,Jintian,,Male
Nona,Glentworth,4,1 Welch Place,PO Box 41148,Neochóri,,Female
Caitrin,Petley,5,4109 Mcbride Junction,PO Box 1796,Rego,Porto,Female
Kennith,McLemon,38,66 Larry Court,13th Floor,Baru Timur,,Male
Elvira,Ickovici,85,68 Sommers Trail,PO Box 67128,Marhanets’,,Female
Dan,Caddens,96,1 Toban Terrace,Suite 40,Nangxian,,Genderfluid
Ed,Dallewater,82,40632 Fairfield Court,Apt 1291,Sogcho,,Male
Emmanuel,Letchmore,44,0 Forest Dale Terrace,PO Box 93963,Odiongan,,Genderfluid
Archibald,Seamarke,73,18112 Little Fleur Junction,PO Box 49055,Budënnovsk,,Non-binary
Celestina,Collen,12,80546 Melby Lane,Room 1283,Armen,,Female
Francene,Govinlock,90,404 Jay Way,Apt 114,Datagon,,Female
Dorris,Easthope,26,7 Annamark Terrace,Room 873,Koshigaya,,Genderfluid
Arlette,Otton,98,3 2nd Junction,14th Floor,Carleton-sur-Mer,Québec,Female
Cynthie,Battey,33,679 Fieldstone Parkway,Suite 99,Bacnotan,,Female
Arel,Symper,58,7380 Chinook Road,Apt 920,Xiling,,Male
Rafe,Wahner,42,2 Ridge Oak Place,Apt 588,Dolores,,Non-binary
Chariot,McDougal,101,20397 Hermina Lane,Room 370,Chengnan,,Male
Freemon,Albert,8,9 La Follette Terrace,Suite 90,Mamurras,,Male
Clarance,Slora,87,93 Roxbury Park,Suite 13,Chumphon,,Male
Aharon,Sabbin,47,9424 Shoshone Park,Apt 1394,Gaizhou,,Male
Katharyn,Condit,4,399 Ilene Place,PO Box 72687,Viejo Daan Banua,,Female
Hailee,Cocksedge,107,153 Rutledge Junction,Suite 38,Boavista,Porto,Female
Clareta,Hatherell,60,2198 Wayridge Road,Room 172,Quinchía,,Female
Cammie,Dowthwaite,100,8964 Bayside Center,Room 1078,Suchedniów,,Female
Irvine,Matieu,14,05118 Union Avenue,PO Box 84582,Sindangsuka,,Male
Rem,Thynn,30,1480 Hooker Pass,Room 1137,Brongkah,,Male
Jade,Grigoletti,58,4686 Goodland Junction,7th Floor,Fond du Sac,,Female
Cymbre,Mateos,3,96 Luster Drive,Apt 1575,Safara,Beja,Genderqueer
Stanislaw,Widdop,39,70460 Superior Pass,5th Floor,Alistráti,,Male
Barty,Sepey,17,82129 Center Alley,Room 1447,Tomaszów Mazowiecki,,Male
Alaric,Slisby,33,1 Johnson Parkway,Suite 9,Uppsala,Uppsala,Male
Minda,Smitham,31,43789 Trailsway Junction,Room 1234,Mlangali,,Female
Zorina,Vinten,62,7632 Forest Run Point,PO Box 93021,Ambato,,Female
Diane,Delgardillo,23,6 Canary Center,Suite 57,Vespasiano,,Female
Kaiser,Mackelworth,36,730 Bluestem Plaza,Suite 83,Lutowiska,,Male
Cathrine,Breston,19,8 Larry Terrace,PO Box 61162,Las Flores,Guanajuato,Female
Frederik,Loudiane,46,5 Crescent Oaks Alley,Suite 44,Daixi,,Male
Kerrin,Lamond,70,89 Bobwhite Trail,Suite 35,Pacaycasa,,Female
Jacki,Tupper,88,5473 Village Road,Room 926,Mueang Nonthaburi,,Female
Willi,Dominguez,84,1311 Monica Court,PO Box 87360,Ozimek,,Male
Karlens,Slyford,43,26 Eastwood Junction,Room 188,Lianhua,,Male
Cacilia,Hadkins,37,1 Carberry Junction,Apt 860,Washington,District of Columbia,Genderqueer
Calvin,Blogg,108,63 Meadow Valley Plaza,PO Box 60544,Banjar Madangan Kaja,,Male
Kent,Lambert,66,25118 Mccormick Pass,Suite 92,Cortes,,Male
Agretha,Dosdale,13,0 Sunbrook Terrace,Apt 551,Denver,Colorado,Female
Clemmie,Skacel,63,7410 Dennis Point,Room 865,Tarikolot,,Female
Daune,Osgarby,48,163 Fairfield Junction,15th Floor,Dugulubgey,,Female
Abey,Rouby,88,16419 Havey Way,Apt 1188,Hanzhong,,Male
Doralia,Seelbach,98,922 Maple Wood Hill,PO Box 25716,Ängelholm,Skåne,Female
Kaycee,Whitcher,79,26 Rigney Circle,Room 530,Zhangzhu,,Female
Lane,Elderbrant,111,9625 Grayhawk Junction,16th Floor,Veracruz,,Male
Talia,Dake,32,96 Oakridge Lane,PO Box 80058,Pancheng,,Female
Gallard,Desmond,45,2828 Memorial Lane,9th Floor,Al Khawkhah,,Male
Geoff,Nucci,71,6113 David Avenue,PO Box 93086,Artashat,,Male
Isahella,Glison,59,27372 Menomonie Park,Apt 408,Melíti,,Female
Angelina,Thurlbourne,28,36325 Banding Place,19th Floor,Marte,,Female
Norby,Hartzogs,64,3568 Sycamore Terrace,Apt 635,Qili,,Male
Philippe,Kernar,92,75 Burrows Place,Suite 31,Tupanciretã,,Female
Delilah,Grenter,31,8970 Kennedy Trail,Suite 11,Argithéa,,Female
Norbie,Pitkins,110,3 Scofield Terrace,17th Floor,Roissy Charles-de-Gaulle,Île-de-France,Male
Robbert,Spiteri,49,80 Kipling Hill,PO Box 8671,Sinegorskiy,,Male
Jamill,Bosman,58,7 Badeau Hill,Suite 84,Kelungkung,,Male
Drucie,Calderon,17,3 Grover Trail,PO Box 25840,Liang,,Female
Eric,Lundy,1,0 Sycamore Circle,11th Floor,Cabucgayan,,Male
Harper,Dawdry,42,41576 Dwight Avenue,Apt 86,Shuangyuan,,Male
Andriette,Birmingham,16,72092 Darwin Pass,Suite 49,Xinjiang,,Female
Kin,Mallia,69,4844 Stang Circle,Suite 54,Satowebrang,,Male
Berthe,Mains,51,9275 Carberry Trail,Suite 38,Wufu,,Female
Noelyn,Fountain,112,92364 Del Mar Trail,Apt 1024,Firminópolis,,Female
Aundrea,Milburn,35,28534 Grayhawk Parkway,Suite 5,Ramana,,Female
Graeme,Woolnough,67,434 Golf Course Parkway,PO Box 13989,Sumberingin Kulon,,Male
Thedric,Cobelli,64,05534 Iowa Avenue,Room 664,Jinglou,,Male
Fergus,Piggin,29,15884 Fremont Avenue,15th Floor,Zhoukou,,Male
Tod,Kett,81,76 Linden Way,Room 1510,Hongqi,,Male
Olive,Collelton,36,88 Cherokee Drive,5th Floor,Arroio do Meio,,Female
Murvyn,Gabbatiss,88,10031 Sundown Junction,11th Floor,El Vigía,,Male
Oswell,Petofi,11,37463 Southridge Park,Suite 11,As Sālimīyah,,Male
Diandra,Breawood,54,8867 Nevada Terrace,Apt 983,Hewan,,Female
Erhart,Chilvers,42,79 Monica Center,PO Box 39003,Okahandja,,Male
Allie,Conti,43,7 Macpherson Park,Apt 1128,Wairiang,,Non-binary
Rutherford,Whinney,115,16689 Dixon Park,13th Floor,Liuji,,Male
Karl,Spellicy,46,9 Walton Avenue,Apt 1981,Anticala,,Male
Raynell,Wawer,6,48 Gerald Circle,3rd Floor,Borås,Västra Götaland,Female
Bowie,Benstead,48,22 Warbler Terrace,PO Box 90802,Shuinan,,Male
Tamera,Imlin,2,28112 Tony Circle,Suite 81,Garahaji,,Female
Danit,Niccols,2,4499 Waywood Court,20th Floor,Paciran,,Female
Geneva,Laxtonne,53,6 Browning Circle,PO Box 12474,Magisterial,Zacatecas,Female
Tedie,Gallahue,95,87 Surrey Avenue,Apt 389,Sidoger Lebak,,Male
Brig,Hayle,27,772 Hollow Ridge Trail,Apt 510,Jurak Lao’,,Male
Cherey,Laughlan,63,65 Moland Lane,PO Box 1916,Dajin,,Female
Rebekah,Nevinson,56,81 Hollow Ridge Point,7th Floor,Krajan Sidodadi,,Female
Quint,Rosenbarg,72,5 Hauk Lane,Room 1376,Luoping,,Male
Alasteir,Servante,19,54710 Veith Hill,10th Floor,Paris 15,Île-de-France,Male
Lester,Branscombe,73,2 Mockingbird Plaza,9th Floor,Taiping,,Male
Ange,Breakwell,79,47887 7th Point,Suite 40,Smilavichy,,Male
Damian,Bolver,99,9145 Becker Circle,Suite 38,Itaporanga,,Male
Federico,Steadman,29,61757 Carioca Crossing,Suite 23,Vénissieux,Rhône-Alpes,Male
Dov,Castagnet,72,389 Eagle Crest Center,PO Box 32900,Candon,,Male
James,Izzard,12,25 Susan Avenue,Apt 706,Las Vegas,Nevada,Male
Rabi,Diack,38,6900 Arapahoe Junction,Room 96,Kosów Lacki,,Male
Marchelle,Kimmins,92,9554 Mccormick Street,7th Floor,Libušín,,Female
Cal,Strowthers,113,36738 Golf Trail,Room 762,Velká Polom,,Male
Blondie,Crebbin,7,36042 Forster Way,Suite 97,Berea,,Female
Isis,Wickson,112,0 Lunder Way,Suite 50,Brengkok,,Female
Minny,Tirrell,63,4763 Montana Junction,PO Box 30454,Ivoti,,Polygender
Geri,Greasley,64,8 Surrey Junction,Room 992,São João da Boa Vista,,Female
Dierdre,Valentinuzzi,73,61925 Jana Park,Apt 563,El Paso,Texas,Genderfluid
Ilsa,Blackaller,88,49 Amoth Parkway,Room 1286,Ballina,,Female
Mair,Marmyon,118,824 Brickson Park Lane,PO Box 64785,Rozkishne,,Female
Gillan,Gay,32,44176 Park Meadow Park,Apt 359,Cikarang,,Female
Phillis,Ryle,30,044 Towne Parkway,Apt 1926,Zaklików,,Female
Ella,Northin,37,0 Melby Street,Apt 707,Coja,Coimbra,Female
Kahlil,Beaten,18,8 Daystar Court,PO Box 95490,Bao’an,,Male
Selie,Hitchens,25,2 Declaration Avenue,Room 1525,Xekar,,Female
Abramo,Casswell,120,754 Marquette Street,Suite 13,Kryevidh,,Male
Rafe,Dumke,53,33 Hallows Junction,PO Box 47971,Mirontsi,,Bigender
Karyl,MacMoyer,35,00147 Blaine Street,9th Floor,Nenagh,,Non-binary
Regan,Larmouth,4,0249 International Point,Room 1272,Pinyug,,Female
Franzen,Di Giorgio,76,56 Towne Park,PO Box 74044,San Nicolás,,Male
Jenny,Spowage,7,1 Scofield Junction,Room 1858,Fangshan,,Female
Andrey,Verey,51,0 Green Ridge Plaza,Room 1333,Patapan,,Male
Esra,Hackley,43,4 Birchwood Lane,Room 1972,Goulmima,,Male
Mikol,Gerault,36,28 Mcbride Terrace,3rd Floor,San Jerónimo,,Male
Wilbert,Kimblen,58,5 Garrison Street,PO Box 39275,Hénin-Beaumont,Nord-Pas-de-Calais,Male
Clementius,Dillicate,57,2 Corscot Road,PO Box 41565,Bilyayivka,,Male
Erskine,Rhelton,63,849 Grim Center,Suite 85,Malveira,Lisboa,Male
Cole,Slator,45,721 Huxley Avenue,9th Floor,Čelopek,,Male
Eddy,Sutehall,90,8 Warrior Point,Apt 1906,Marinhais,Santarém,Male
Holly,Matelaitis,119,7444 Longview Circle,Suite 80,Houston,Texas,Female
Gus,Grundon,10,040 Twin Pines Drive,3rd Floor,Jablonec nad Jizerou,,Male
Corny,Birrane,20,3 Banding Alley,PO Box 34337,Baras,,Male
Keriann,Robbel,77,49476 Thierer Court,6th Floor,Sangzhou,,Female
Pierette,Short,12,5 Lake View Circle,Suite 6,Mukun,,Female
Guy,Haps,0,74 Charing Cross Drive,7th Floor,Nyimba,,Male
Cooper,Fodden,29,06492 Center Hill,19th Floor,Waalwijk,Provincie Noord-Brabant,Male
Genia,Dudgeon,56,48749 Artisan Plaza,PO Box 52818,Shetangpo,,Female
Verina,Oglevie,97,314 Lakewood Gardens Trail,PO Box 39829,Putrajaya,Putrajaya,Polygender
Woodie,Rapps,105,43 New Castle Avenue,Suite 4,Nayoro,,Male
Fonzie,Hayball,84,4919 Oxford Avenue,3rd Floor,Vale de Açores,Viseu,Male
Elizabet,Papez,66,4 Buell Way,Room 994,Mardzad,,Female
Keelby,Stirman,55,591 Gale Terrace,Apt 51,Shiree,,Male
Kane,Deplacido,120,1159 Coolidge Hill,Room 1147,Dhībīn,,Male
Karlee,Sleany,52,7604 Rusk Crossing,Suite 58,Alençon,Basse-Normandie,Female
Halie,Tremmel,101,287 Amoth Drive,20th Floor,Mandalt,,Female
Lucia,Hickford,14,491 Fairfield Street,Apt 1815,Englewood,Colorado,Female
Masha,Helian,90,9 Donald Pass,Room 1807,Wysoka Strzyżowska,,Female
Shellie,Davidy,87,2 Heffernan Place,Apt 227,Butajīra,,Female
Helge,Gook,47,9085 Warner Place,2nd Floor,Heishan,,Female
Iolanthe,Rosenstiel,78,3697 Hauk Street,Suite 7,Imeni Zhelyabova,,Polygender
Maure,Bassford,96,51201 Susan Park,Apt 181,Dū Qal‘ah,,Female
Nanon,Tommeo,89,4563 Carey Pass,Suite 91,Lengkongsari,,Female
Darin,Cromly,110,661 Fremont Pass,Room 926,Boulogne-Billancourt,Île-de-France,Male
Micah,Just,40,83130 Center Plaza,Room 59,Az Zintān,,Male
Lamond,Klyner,67,06 Mandrake Circle,Apt 912,Zhoukoudian,,Male
Cinda,Mowett,19,6 Larry Road,2nd Floor,Amsterdam Nieuw West,Provincie Noord-Holland,Female
Ronny,Schiefersten,73,09 Merrick Drive,Room 903,Keren,,Male
Bone,Jeandon,20,434 Jenifer Lane,PO Box 77280,Sindangsari,,Male
Jerrie,Ogger,74,0650 Troy Court,Apt 1570,Longxing,,Female
Dee dee,Coales,6,185 Burrows Street,11th Floor,Yangiqo‘rg‘on,,Non-binary
Windham,Quakley,109,6153 Montana Circle,Room 408,Sarmanovo,,Male
Von,Ashburner,62,3200 Del Sol Pass,Suite 88,Seabra,,Male
Rorke,Danilchenko,58,75 Stoughton Plaza,Room 855,Youguzhuang,,Bigender
Letty,Hardaker,18,36 Twin Pines Center,Apt 1147,Beaufort,,Female
Harriett,Dormon,116,099 Di Loreto Terrace,Suite 36,Rýmařov,,Female
Raoul,Portman,49,46 Schiller Plaza,Room 1283,Concepción de la Barranca,,Male
Caesar,Libermore,95,889 3rd Place,8th Floor,Shin’ichi,,Male
Dasya,Manuely,18,9004 Fuller Place,Suite 80,Best,Provincie Noord-Brabant,Female
Herminia,Capron,4,03 Sloan Avenue,Suite 37,Logovskoye,,Female
Lionel,Walesa,43,84 Hanover Crossing,16th Floor,Amagi,,Male
Alexandro,Castenda,84,1 Stoughton Crossing,Apt 1936,Všenory,,Male
Helen,Beiderbeck,48,40 Kropf Plaza,PO Box 31928,Kizilyurt,,Female
Eduardo,Wethers,86,29923 Crowley Drive,5th Floor,Lantian,,Genderqueer
Dewain,Frake,12,30100 School Drive,Room 511,Troitsk,,Agender
Salem,Aspital,108,79 Commercial Place,PO Box 85366,Salto,,Male
Ingaborg,Ornells,73,246 Pearson Pass,Suite 28,Santa Ana,,Female
Jo,Edwards,7,46811 Erie Trail,PO Box 28550,Leppävirta,,Male
Marys,Fick,42,780 Monument Plaza,Suite 81,Pilaya,,Female
Emelita,Doohey,100,54610 Gulseth Park,Suite 94,Toupi,,Female
Joelle,Betchley,10,28 Harbort Circle,16th Floor,Neuss,Nordrhein-Westfalen,Female
Cassey,MacDowall,120,99 Bartelt Center,Suite 21,Washington,District of Columbia,Female
Breena,Kimbrough,41,7 Dixon Circle,Suite 75,Yabrūd,,Female
Judie,MacCrachen,49,209 Bartelt Place,Apt 1612,Jingmen,,Female
Jule,Lindsell,10,045 Prairieview Terrace,Suite 7,Costa de Rios Frios,Coimbra,Male
Berton,Izen,66,2533 Shelley Circle,4th Floor,Semīrom,,Male
Rodie,Bloxsome,25,07457 Southridge Place,5th Floor,Qiaoxi,,Female
Hatti,Korba,79,84284 Sunbrook Alley,Apt 1475,Kyzyl-Burun,,Female
Benedikt,Wilsdon,14,7419 Merry Terrace,PO Box 87282,Nioro,,Male
Anitra,Ealden,84,89855 Towne Center,Room 879,Garcia Hernandez,,Female
Mattias,Traviss,73,5239 Little Fleur Court,Room 1405,Umeå,Västerbotten,Male
Sylvan,Bonas,75,63773 Atwood Center,Suite 57,Ciudad Barrios,,Male
Gwendolin,Snelman,101,270 Northland Trail,10th Floor,Zherdevka,,Genderqueer
Jessa,De Bernardi,61,5 Linden Parkway,PO Box 71119,Huangnihe,,Female
Antoinette,Sallans,76,5 8th Alley,PO Box 69203,Carcarañá,,Female
Gary,Haveline,30,04 Onsgard Lane,Room 651,Zhoukou,,Male
Jermaine,Corkitt,55,3028 Cordelia Avenue,Room 229,Yanji,,Female
Brade,Glazzard,63,83356 Sage Drive,Suite 68,Zeqin,,Male
Glynda,Draijer,40,5564 East Street,Room 810,Tarvasjoki,,Genderfluid
Clareta,Malby,69,82 Mallard Hill,19th Floor,Paraíso de Chabasquén,,Female
Lydon,Pittle,102,2237 Hanover Circle,Suite 63,Shiliting,,Male
Roderigo,Malpas,109,983 Ridge Oak Park,PO Box 54915,Muranovo,,Male
Sim,Kiernan,54,724 Holmberg Crossing,Suite 78,Guri-si,,Male
Farlee,Grabban,5,6317 Pankratz Place,PO Box 93510,Cache Creek,British Columbia,Male
Ilaire,Geggie,79,585 Moland Avenue,Apt 1099,Korfovskiy,,Male
Christi,Fishbourn,65,31 Browning Hill,PO Box 41554,Peukanbada,,Female
Heywood,Merrell,40,25483 Magdeline Hill,Room 599,Moch,,Male
Chet,Tourot,67,73 Surrey Court,8th Floor,Xinghua,,Male
Janot,Sutherden,56,3445 Loomis Circle,Room 958,Sumqayıt,,Female
Chrystal,Mapholm,20,861 Dawn Park,Suite 80,Kandana,,Female
Rana,Adami,116,525 Erie Crossing,Apt 196,El Copé,,Female
Lou,Elphey,52,00 Steensland Hill,Apt 41,L'Aigle,Basse-Normandie,Female
Annabal,MacNamee,26,016 Coolidge Road,Suite 45,Ginatilan,,Female
Marylou,Goater,13,5 Pierstorff Junction,Room 842,Jaunpils,,Female
Gretna,Halm,110,6 Dawn Alley,Room 1024,Ranisoba,,Female
Alisander,Ambroz,56,29 Springview Place,9th Floor,Longtian,,Male
Julieta,Wenn,120,7755 6th Avenue,Room 1387,Mandalasari,,Female
Sherry,Petracchi,85,24 Park Meadow Hill,PO Box 70197,København,Region Hovedstaden,Female
Bathsheba,Yosselevitch,37,08 Sunfield Road,PO Box 33056,Lingqian,,Female
Philippe,McCurtain,109,90 Merry Way,PO Box 82717,Ylöjärvi,,Female
Barn,Finnie,90,09055 Pepper Wood Pass,14th Floor,Anchorage,Alaska,Male
Skipton,Seldner,63,59684 Stuart Circle,10th Floor,Nova Venécia,,Male
Orion,D'Alesio,33,2767 Gale Parkway,17th Floor,Tilburg,Provincie Noord-Brabant,Male
Stanfield,Peat,98,412 Upham Way,PO Box 78650,Qorovulbozor,,Male
Arlyn,Mallya,10,235 Hovde Drive,Apt 541,Toksovo,,Female
Elfreda,Buckwell,65,2102 Summer Ridge Junction,Room 1109,Badu,,Female
Buckie,Willshear,3,4 Trailsway Terrace,Apt 393,Urambo,,Male
Edith,Risley,75,2 Crescent Oaks Trail,Room 432,Povarovo,,Female
Benjamin,Ossipenko,69,0 Schurz Drive,Suite 30,Dayou,,Male
Lorraine,Piscopello,67,40 Pierstorff Crossing,Apt 1429,Warungsugan,,Female
Janis,Fitzpatrick,64,11013 Duke Alley,Suite 16,Wangdun,,Female
Missy,Davidou,83,03473 Elgar Pass,PO Box 32108,Tuqiao,,Female
Rocky,Wandless,97,6 Anderson Junction,11th Floor,Brejos,Setúbal,Male
Urbanus,Luckwell,85,5 Kennedy Junction,Apt 59,Dimitrovgrad,,Male
Shaylah,McGlynn,98,43722 Nancy Drive,Room 1825,Qing’an,,Female
Wildon,Beckles,48,9152 Namekagon Center,PO Box 5128,Rybnoye,,Male
Wynnie,Fiddiman,103,37765 Mifflin Junction,Suite 31,Puncaktugu,,Female
Bonita,Ingleby,27,27 Fairfield Circle,Suite 15,Emiliano Zapata,Morelos,Female
Horacio,Mallows,7,46913 Dryden Trail,Room 1015,Les Abymes,Guadeloupe,Male
Adda,McRobbie,16,75 Center Road,Room 817,El Retiro,,Female
Corinna,Bwye,72,992 Di Loreto Road,PO Box 50030,San José de Río Tinto,,Female
Adara,MacMichael,9,13 Artisan Plaza,PO Box 26756,Quinjalca,,Female
Marius,Templeman,64,13 Schlimgen Court,PO Box 57396,Kloangrotat,,Male
Bridie,Radwell,87,15983 Golden Leaf Alley,13th Floor,Shijing,,Female
Chloe,Mussotti,21,28 Pankratz Crossing,Suite 69,Ampanihy,,Female
Janka,Glencorse,8,05 Marquette Crossing,Apt 1418,Quilpué,,Female
Gavra,Paxeford,117,4 Sheridan Junction,Apt 553,Nueva Guadalupe,,Female
Todd,Becraft,85,816 Eastlawn Lane,Room 974,Miaotang,,Male
Claretta,Witchell,22,1 Ridgeview Center,Apt 1432,Honoria,,Female
Rosemarie,Clawson,108,29 Helena Alley,PO Box 38907,Kuching,Sarawak,Female
Sam,Marchenko,96,03584 Washington Plaza,Room 1098,Ranilug,,Male
Ugo,Cranage,84,598 Sunnyside Street,PO Box 56370,Bularit,,Male
Innis,Neward,30,55 Declaration Road,PO Box 78078,Yacuiba,,Male
Madelina,Hatterslay,57,38008 Badeau Avenue,Apt 1558,Porto Calvo,,Female
Jaquelin,Malloch,41,6 Novick Street,PO Box 56454,Donim,Braga,Female
Diannne,Lauks,31,43242 Crescent Oaks Pass,Room 1939,Rungis,Île-de-France,Female
Phebe,Sendall,85,637 Corry Street,14th Floor,Sanjiang,,Female
Rockie,La Wille,20,39885 Tony Parkway,Suite 54,Avarua,,Male
Merl,Bosher,69,4094 Oriole Court,Apt 435,Sūq al Khamīs,,Female
Zachariah,Hattoe,92,26808 Huxley Avenue,Room 1033,Sumberwaru,,Non-binary
Amalea,Alessandone,39,90 Cardinal Street,13th Floor,Asamboka,,Female
Annemarie,Goold,107,3039 Dakota Street,Suite 99,Dengzhou,,Bigender
Linnie,Hobben,32,008 Drewry Crossing,7th Floor,Balyqshy,,Female
Olva,Loftus,73,09570 Jenna Junction,Room 1701,Hovd,,Female
Cal,Ambresin,61,47758 John Wall Alley,PO Box 53765,Winneba,,Male
Josiah,Ferreras,38,7 Shopko Park,Suite 83,Parakanhonje Wetan,,Male
Shelley,Kovnot,111,3 Prairie Rose Trail,PO Box 54878,Pétionville,,Male
Maury,Grimsell,1,35010 Del Mar Lane,Apt 238,Francisco I Madero,Veracruz Llave,Male
Maxwell,Keller,99,73318 Kedzie Point,3rd Floor,Xue’an,,Male
Theodosia,Palffrey,22,3733 Troy Street,PO Box 94319,Guangshun,,Female
Rosa,Kuban,66,6 Sutherland Alley,Room 21,Tolkmicko,,Female
Magdalene,Phillcox,29,12 Pawling Parkway,3rd Floor,Duczki,,Female
Arvy,Hartgill,93,294 Evergreen Avenue,Suite 87,Candijay,,Male
Jarred,Millership,23,2906 Clove Street,12th Floor,Challans,Pays de la Loire,Male
Rad,Branch,20,701 Helena Court,Apt 1907,Ozatlán,,Male
Selene,Jonathon,12,8067 Manley Circle,PO Box 71689,Toulon,Provence-Alpes-Côte d'Azur,Female
Edgard,Haywood,15,9 Glendale Street,Apt 133,Torbay,Newfoundland and Labrador,Male
Brandi,Gaitskill,18,32 Loeprich Pass,Apt 1491,Vyerkhnyadzvinsk,,Female
Alwyn,Klimuk,98,6 Mendota Way,PO Box 20459,Jurangjero,,Male
Jordan,Casetta,77,02519 Lien Way,Room 1778,A’yi Take,,Male
Peyton,Aleksankin,36,05 Vera Alley,15th Floor,Morbatoh,,Male
Derwin,Gregorace,106,64 Hermina Street,Suite 98,Rubio,,Male
Marcia,Jaukovic,27,2 Hermina Drive,PO Box 89896,Jaga,,Female
Rockey,Janway,82,4 Troy Drive,PO Box 97590,Lavadorinhos,Porto,Male
Dore,Mulberry,18,0984 Shoshone Pass,Suite 71,Ajaccio,Corse,Male
Cathlene,Cosens,13,2 Village Green Parkway,Room 433,May Pen,,Female
Mandie,Chazier,27,4 Bluejay Avenue,Apt 691,Joševa,,Female
Luz,Geharke,52,3166 Mendota Pass,Apt 558,Kosh-Agach,,Female
Kenyon,Stapleford,62,3963 Carpenter Center,Suite 62,Quartier Militaire,,Male
Salaidh,Carlile,11,7 Dunning Lane,Room 1473,Stockholm,Stockholm,Female
Ernst,Georg,91,2039 Bellgrove Center,Suite 85,Mahābād,,Male
Barry,Houdhury,19,996 Manitowish Avenue,3rd Floor,Kayanza,,Female
Hayden,Rodge,27,3113 Pankratz Way,Room 1594,Wāling,,Male
Antonie,Sprowle,92,48 Huxley Road,7th Floor,Chittagong,,Female
Lynnett,Treadger,45,095 Homewood Street,Apt 112,Tysmenychany,,Female
Marlon,Bulley,78,61 Melvin Hill,Apt 406,Bamusso,,Male
Witty,Fifield,7,79 Nobel Point,Apt 1574,Tianyuan,,Male
Marketa,Crapper,28,9 Milwaukee Center,8th Floor,Soeng Sang,,Female
Gabbie,Gepson,12,34 Arapahoe Park,14th Floor,Maun,,Male
Nada,Ginn,85,5 Pierstorff Center,Suite 90,Pastores,,Female
Wilone,Pock,12,6 Sommers Lane,PO Box 24703,Outeiro Seco,Vila Real,Female
Fanya,Comiam,21,944 Ridge Oak Junction,19th Floor,Garissa,,Female
Ezekiel,McCaughey,54,32150 Veith Court,Apt 1137,Santa Bárbara,,Male
Clare,Wain,2,60851 5th Hill,Suite 67,Dongting,,Female
Eward,Comins,76,33 Armistice Place,Suite 10,Pasatan,,Bigender
Frances,Drance,54,32 Sloan Street,Apt 757,Priiskovyy,,Genderfluid
Clywd,Kubicek,29,26270 Eagle Crest Terrace,Room 319,Fonteleite,Porto,Male
Catlin,Brittoner,8,8 Bartillon Place,5th Floor,Syevyerodonets’k,,Female
Kevon,Redholes,59,5 Anzinger Avenue,7th Floor,Oesao,,Male
Val,Deans,58,6739 Kennedy Parkway,Apt 1101,Gizałki,,Female
Griff,Refford,39,75 Elgar Crossing,Suite 97,Chiantla,,Polygender
Anabelle,Ropkes,26,9 Merrick Circle,Suite 39,Conceição das Alagoas,,Female
Claiborne,Needham,102,94645 Esch Way,Suite 76,Palanit,,Male
Goldie,Culy,87,371 Farwell Park,Apt 767,Pa Kham,,Female
Donica,Beckhouse,1,00962 Orin Center,Apt 1139,Xiguantun Muguzu Manzuxiang,,Female
Kore,Shafto,54,510 New Castle Street,PO Box 50155,Wuqiao,,Female
Oralie,Yesichev,22,969 Tomscot Lane,PO Box 5518,Shakīso,,Female
Patrice,Bathowe,9,9493 Mayfield Court,PO Box 31253,Tungelsta,Stockholm,Agender
Vonny,Cobain,87,0067 Autumn Leaf Plaza,Apt 394,Akarakar,,Female
Clemmy,Macrow,40,693 Mifflin Alley,PO Box 74327,Ndwedwe,,Female
Frans,Standley,120,1955 Springview Avenue,Suite 96,Fasito‘outa,,Male
Ferdy,Kellog,29,8048 Kipling Court,PO Box 77343,Succha,,Male
Breanne,Gounin,67,8171 Sachs Plaza,Room 878,Russas,,Female
Hillel,Aldham,90,09 Forest Dale Circle,Room 1022,Paris 11,Île-de-France,Male
Lonnie,Hanhart,36,350 Luster Park,11th Floor,Yonkers,New York,Male
Allys,Luney,91,706 Buhler Crossing,Suite 99,Yahe,,Genderfluid
Paula,Carss,116,04 Debra Pass,Suite 10,Botshabelo,,Female
Patin,Espie,67,4065 North Lane,Apt 34,Evxinoúpolis,,Male
Patrizia,Oloman,86,31 Dayton Road,Room 1150,Yanggang,,Female
Damon,Beavors,100,77388 Michigan Road,Apt 1755,Merrifield,Virginia,Male
Carlie,Hankey,53,91480 Carey Trail,PO Box 27191,Buk,,Male
Celestia,Griswaite,82,6009 Meadow Valley Point,PO Box 79966,Neglasari,,Female
Kingston,Dureden,71,8 Pearson Alley,PO Box 96246,Lipu,,Male
Dilan,Florez,65,2511 Beilfuss Court,Suite 48,Huozhuangzi,,Male
Skell,Burns,0,81100 Sycamore Parkway,Apt 1132,Qionghu,,Male
Jarad,Cocksedge,43,06 Steensland Trail,Room 1105,Karolino-Buhaz,,Male
Kermit,Kaines,0,1 Independence Street,Room 146,Buur Gaabo,,Male
Harley,Waadenburg,90,4 Hooker Hill,Room 106,Las Flores,Guanajuato,Male
Harley,Margeram,62,54 Drewry Circle,PO Box 44603,Kinéta,,Male
Valentine,Cribbin,93,5258 Michigan Plaza,Apt 435,Saint Louis,Missouri,Male
Rodolph,Dallicott,28,29 Reindahl Junction,Room 302,Prachuap Khiri Khan,,Male
Carroll,Goult,61,23153 Artisan Terrace,PO Box 42039,Ceper,,Male
Lorie,Tolomio,115,6861 Tony Plaza,14th Floor,Casal da Anja,Leiria,Female
Ravi,Sterndale,83,0653 Lighthouse Bay Park,PO Box 64730,Khemisset,,Male
Orrin,Borgne,30,520 Bunker Hill Place,Suite 32,Querobamba,,Male
Mateo,O'Shirine,22,1 Fuller Terrace,2nd Floor,Covão,Coimbra,Male
Fanchon,Saffin,13,9645 Lake View Place,Suite 11,Oroin Xibe,,Female
Brietta,Bus,115,145 Gerald Street,Room 343,Nepeña,,Female
Tammara,Bricket,7,8401 Sloan Park,PO Box 22950,Beitai,,Bigender
Blinny,Manston,80,654 Katie Crossing,13th Floor,Qala i Naw,,Female
Alley,Mawby,45,974 Village Drive,1st Floor,Cimaung Kidul,,Male
Egan,Dunn,93,43 Almo Road,10th Floor,Zinat,,Male
Zach,Cheine,63,440 Armistice Crossing,Apt 1942,Bayaguana,,Male
Stormy,Licciardiello,51,744 Stuart Trail,14th Floor,Pszczew,,Female
Rance,Pulbrook,26,055 Meadow Vale Drive,Room 1228,Karangparwa,,Male
Ganny,Bloodworth,26,24160 Ohio Way,16th Floor,Xinglong,,Male
Hoyt,Cota,21,48541 Bellgrove Trail,13th Floor,Wedangtemu,,Male
Krishnah,Ghidotti,0,1091 Toban Drive,PO Box 19960,Xiaheqing,,Male
Rupert,Phillps,21,13996 Butterfield Lane,Room 1412,Sebba,,Male
Marlow,Easthope,0,18 Arrowood Crossing,Room 1664,Ibarreta,,Male
Kristopher,Dungee,14,624 Londonderry Court,Suite 84,Saint Helier,,Male
Burch,Drennan,120,09 Crowley Parkway,Room 1763,Sicamous,British Columbia,Male
Goldie,Beasley,106,238 Sachs Place,Suite 49,Aglipay,,Female
Abram,Goatcher,93,309 Bayside Road,PO Box 1135,Krasnoye,,Male
Padgett,Hacker,47,573 Myrtle Pass,Room 1272,Iralaya,,Male
Kamilah,Lowy,62,46459 Del Sol Hill,Room 1167,Perdões,,Female
Glori,Inworth,58,30422 Westport Avenue,Suite 50,Wahang Dua,,Female
Amabelle,Orrock,15,686 Artisan Crossing,Apt 1809,Zhatay,,Female
Yasmin,Somerset,5,2711 Utah Crossing,Apt 1295,Castelo,,Female
Casar,Cadman,86,50 Brickson Park Terrace,Apt 1390,Yoshii,,Male
Bette,Berndsen,16,16927 Parkside Lane,Room 1979,Miranda,,Female
Bearnard,Kidstoun,43,701 Lyons Trail,Suite 73,Kedungbacin,,Male
Fulvia,Otley,49,63856 Mallory Pass,Suite 47,Kraśniczyn,,Female
Ladonna,Alliot,36,6 Sycamore Center,20th Floor,Bintulu,Sarawak,Female
Goddart,Rainey,112,156 Johnson Center,Suite 90,Mayqayyng,,Male
Ram,Alennikov,40,73 Russell Drive,Apt 711,Ribeiro,Viana do Castelo,Male
Gill,McCullogh,111,0738 Cody Way,10th Floor,Khao Kho,,Female
Candie,Percy,33,1115 Paget Center,Apt 515,Níkaia,,Female
Nert,Solomon,119,906 Thompson Junction,Suite 47,Kalugmanan,,Female
Tony,Muat,99,21771 South Place,Suite 68,Asembagus,,Male
Alberto,Strelitz,26,7 5th Center,5th Floor,Evansville,Indiana,Male
Vivianna,De Filippo,74,651 Saint Paul Lane,Room 1620,Demak,,Female
Eloisa,Reidshaw,65,3229 Comanche Parkway,1st Floor,Sankt Andrä-Höch,Steiermark,Female
Gerome,Battrick,95,42575 Hermina Alley,16th Floor,Pitalito,,Male
Herman,Frankton,18,1 Union Pass,PO Box 44740,Pak Kret,,Male
Bent,Nelissen,95,10 Welch Center,Apt 164,San Jose,,Non-binary
Maureene,Pantecost,79,94 Carey Terrace,Suite 78,Pedrulheira,Leiria,Female
Roxane,Stidworthy,33,431 Farwell Center,Apt 609,Segovia,,Female
Fawn,Gibbe,87,32275 Grayhawk Hill,Suite 39,Zmiyëvka,,Female
Rodrigo,Medd,25,7710 West Place,Apt 1405,Injīl,,Male
Adrienne,Kibbe,86,0 Brickson Park Hill,Room 1362,Jobabo,,Female
Jayson,Crowley,20,1490 Scott Trail,Apt 1399,Rasi Salai,,Male
Kass,Tubbs,1,57375 Ohio Trail,Suite 44,Dunkerque,Nord-Pas-de-Calais,Female
Rebeka,Lillyman,27,44 Dayton Crossing,18th Floor,Kushchëvskaya,,Female
Johna,Eble,45,7 Paget Street,Suite 96,Kisovec,,Female
Kissiah,Reoch,118,50 Westport Drive,3rd Floor,Argelia,,Female
Ethel,McKeachie,11,496 Independence Way,15th Floor,Krajan Tengah,,Female
Shellysheldon,Gegg,45,53018 Sycamore Lane,17th Floor,Obando,,Male
Georgie,Ulyat,98,0283 Manitowish Court,Apt 1973,Okpoga,,Male
Bayard,Ledgley,17,6568 Fuller Avenue,8th Floor,Harding,,Male
Kare,Malley,28,3 Bluejay Center,Suite 69,Osvaldo Cruz,,Female
Harv,Collough,55,0543 Pankratz Place,Suite 47,Al Fūlah,,Male
Barron,Rontsch,32,085 Shopko Trail,PO Box 47675,Tangwu,,Agender
Abbot,Cotterel,108,808 Quincy Crossing,Room 192,Machala,,Male
Adora,Seiler,103,5169 Anderson Alley,Apt 1856,Jinjing,,Female
Codi,Simpkins,82,7 Holmberg Pass,PO Box 56001,Radišići,,Male
Sansone,Gotcliffe,31,842 Forest Circle,Suite 9,Emiliano Zapata,Veracruz Llave,Male
Nerty,Markwelley,75,08 Rutledge Court,PO Box 11327,Dongshan,,Female
Adaline,Coomber,98,8572 Hooker Way,Apt 1062,Ţāmiyah,,Female
Kenon,True,78,31 Carberry Street,Suite 93,Rerawere,,Male
Horton,Draude,112,23791 Lighthouse Bay Way,Room 1175,Bangolo,,Male
Reube,Stocker,17,657 Hallows Hill,Room 1354,Daejeon,,Male
Rayner,Carruthers,3,5 Donald Junction,Suite 32,La Ensenada,,Male
Jimmie,Evitts,72,426 School Lane,Suite 37,Pengulu,,Male
Gregoire,Oldrey,85,148 Anthes Junction,7th Floor,Marks,,Male
Zaneta,Malim,37,99 Hoard Plaza,Apt 1935,Meniko,,Female
Marga,Sprey,120,80 Chive Drive,PO Box 17630,Pasarkuok,,Agender
Karlis,Lanyon,14,231 Center Drive,Apt 2,Itupeva,,Male
Abbie,Tommasi,93,009 Luster Center,Apt 1532,Serednye,,Male
Jeanie,Vicioso,4,5 Dryden Plaza,Apt 773,Valada,Santarém,Female
Arnoldo,de Marco,36,252 Knutson Crossing,Apt 618,Genova,Liguria,Male
Jaimie,Bogart,84,51 Lien Parkway,Apt 564,Tongjiaxi,,Female
Tootsie,Meekings,25,4 Forest Dale Way,PO Box 38738,Weixin,,Female
Bucky,Cleaveland,116,6882 Independence Alley,Apt 1648,Fukadale,,Male
Clarita,Cavolini,11,50 Stoughton Park,PO Box 93603,Kasakh,,Female
Astrid,Wyles,79,89 Luster Crossing,Suite 24,Riyadh,,Female
Yulma,Reddish,50,2 Mccormick Road,Apt 385,Milano,Lombardia,Male
Myles,Sandom,34,35 Stang Center,Suite 7,Makanya,,Male
Giulio,Rookwell,63,1896 Larry Pass,PO Box 78300,Lyeskawka,,Male
Aindrea,Farahar,1,6 Brickson Park Crossing,10th Floor,Tamandaré,,Female
Erica,Barthelme,61,5 Ruskin Terrace,Room 675,Airmadidi,,Female
Rosalyn,Merrington,118,7 International Terrace,Room 1372,Seabra,,Female
Rorie,De Ambrosis,111,019 Onsgard Avenue,Apt 757,Thomassique,,Female
Kellen,Bucham,120,45 Main Lane,9th Floor,Raojān,,Male
Upton,Byrnes,114,84911 Clarendon Street,Suite 64,Natu,,Male
Jud,Twiname,118,398 Heath Center,Room 1464,Laval,Pays de la Loire,Male
Florinda,Toffler,9,14 Annamark Center,Room 1027,Lymanske,,Female
Louie,Pitkaithly,65,1 Melrose Circle,1st Floor,Capela,Porto,Male
Loree,Anersen,67,50 Melvin Way,PO Box 39697,Tungguwaneng,,Female
Wolf,Wilkennson,70,58 Dryden Alley,Suite 28,Lachowice,,Male
Ricard,Gypson,89,925 Hanson Park,Room 1997,Nanniu,,Male
Carny,Salmoni,49,544 Division Junction,PO Box 54274,Lahan Sai,,Non-binary
Dorelia,Mathieu,1,99 Heffernan Pass,Suite 20,Rudnyy,,Female
Lynna,Pratt,39,571 Bowman Terrace,6th Floor,Arroyo Seco,,Female
Rog,Seiler,72,56214 Fremont Terrace,Suite 44,West End,England,Male
Dory,D'Adda,28,386 Golf Course Alley,7th Floor,Muromtsevo,,Female
Shay,Butten,89,53 Colorado Point,Apt 517,Likwatang Timur,,Female
Nathanil,Gravet,17,0575 Oak Valley Street,PO Box 75796,Karátoulas,,Male
Chester,Joist,32,1246 Rowland Center,Apt 570,Gangjia,,Male
Vinnie,O'Grady,78,72 Ryan Way,Apt 161,Agía Paraskeví,,Female
Gene,Ferrario,115,40 Harper Court,Room 202,Tomari,,Male
Frederich,Sutton,83,7 Merchant Lane,13th Floor,Al Midyah,,Male
Ilise,Parkinson,105,8576 Oak Center,PO Box 9870,Jalinan,,Female
Meta,Muxworthy,5,166 Mitchell Drive,Suite 24,Sukatani,,Female
Lemuel,Schreurs,11,9808 Memorial Lane,Suite 66,Daytona Beach,Florida,Male
Phillip,Galliver,113,86 Blackbird Hill,Apt 831,Akouda,,Male
Upton,MacGillivrie,101,65 Dexter Point,Room 230,Al Mughayyir,,Male
Tomas,Sclater,94,363 Dunning Alley,Suite 5,Tsuyama,,Male
Leonardo,Dowsing,54,46969 Farwell Circle,Room 1043,Llama,,Male
Michaelina,Garrettson,88,25 Fairfield Alley,Apt 1071,Brétigny-sur-Orge,Île-de-France,Polygender
Patton,Saffe,11,24500 Mccormick Parkway,PO Box 74060,Černelavci,,Male
Leicester,Scaplehorn,115,6677 Sommers Street,15th Floor,Banī Walīd,,Male
Matthieu,Readett,99,9228 Fairfield Road,9th Floor,Nanxindian,,Male
Imojean,Pariss,60,66 Eliot Trail,Apt 490,Huité,,Female
Brear,Cowope,33,7 Dottie Junction,PO Box 96859,Văn Điển,,Female
Burke,Sinkinson,118,1890 Hanover Place,14th Floor,Sandaogou,,Male
Randi,Ellerey,5,109 Reindahl Road,PO Box 45309,Mardakyany,,Male
Ezri,Gorman,13,79814 Nova Hill,Apt 972,Nishiwaki,,Male
Brig,Southorn,111,301 High Crossing Court,Suite 9,Minusinsk,,Male
Stinky,Rubenovic,58,89 Rusk Plaza,PO Box 31051,Cuamba,,Genderfluid
Estella,Boice,58,4225 Doe Crossing Junction,PO Box 77307,Ivyanyets,,Agender
Basilio,Grishakin,100,523 Anthes Terrace,PO Box 34588,Vári,,Male
Annmaria,Shadwick,84,9 Novick Trail,Room 1224,Penha Longa,Porto,Female
Hugh,Giacovelli,118,5 Corben Drive,Apt 1951,Igcocolo,,Male
Donella,Gritsunov,31,7242 Kensington Parkway,15th Floor,Tilburg,Provincie Noord-Brabant,Genderqueer
Ellen,Aynscombe,10,6 Memorial Plaza,Apt 175,Clondalkin,,Female
Hubie,McAloren,68,3301 Elgar Plaza,Suite 88,Pasadena,California,Male
Annabela,Fransinelli,19,4 Oxford Drive,PO Box 5769,Pictou,Nova Scotia,Female
Catina,Shegog,108,479 Moland Trail,Apt 1390,Nelahozeves,,Female
Ardath,Mathias,60,59933 Sutherland Terrace,Room 55,Dizhai,,Bigender
Charlie,Summons,42,8812 Pearson Street,Apt 767,Yanglin,,Male
Georgette,McKeevers,41,1055 Susan Park,PO Box 88682,Färgelanda,Västra Götaland,Female
Rossie,Jandera,77,218 Orin Alley,Suite 43,Kalungu,,Male
Kaylil,Course,18,20855 Loeprich Hill,1st Floor,Minanga Norte,,Female
Lainey,Blaske,110,5919 Northview Road,Room 1331,Piterka,,Female
Bobby,Heelis,85,10 Shopko Point,Suite 32,Kembangkerang Lauk Timur,,Female
Sandy,Petrak,99,74 Tennessee Plaza,Apt 1934,Khiwa,,Male
Indira,Woollett,96,96 Monterey Parkway,19th Floor,Čajetina,,Female
Ham,Piner,6,69 Westerfield Trail,4th Floor,Inya,,Male
Cathyleen,Rusling,52,2546 Northridge Way,PO Box 2152,Ōtawara,,Agender
Marigold,Castille,69,4 School Drive,Suite 29,Chenzhou,,Female
Feodor,Ormistone,6,368 Alpine Terrace,Room 68,Zarzis,,Male
Nicola,Skeffington,65,737 Hoard Street,PO Box 48565,Velasco Ibarra,,Female
Alvy,Docket,9,53 Sundown Junction,13th Floor,Bulihan,,Male
Babara,Saiger,92,7751 Oxford Court,Suite 4,Aţ Ţaybah,,Female
Rawley,Meneur,61,849 Troy Crossing,Apt 1475,Prosvet,,Genderfluid
Lola,Honywill,107,0 Norway Maple Place,PO Box 76709,Xinsheng,,Female
Clarinda,D'Aubney,34,18121 Armistice Pass,Room 1820,Përmet,,Female
Shana,Barfford,28,96 Raven Center,Suite 77,Ar Raqqah,,Female
Geno,Hunting,63,1 Jana Center,Suite 22,Kauman,,Male
Denis,Levay,34,15139 Northland Pass,PO Box 47677,Sardasht,,Male
Zia,Tudhope,80,5 Emmet Junction,Apt 284,Huangchuan,,Female
Daron,Toffanelli,41,901 Surrey Alley,PO Box 92431,Qingjiang,,Female
Leonardo,Picheford,53,13495 Tennessee Lane,PO Box 57084,Albrechtice,,Male
Kendal,Halfhide,100,3760 Dottie Alley,PO Box 58222,Austin,Texas,Male
Dionne,Wayne,118,7853 Declaration Lane,PO Box 92695,Manevychi,,Female
Margarita,Verryan,101,2178 Pennsylvania Circle,Apt 1994,Pardesiyya,,Female
Sabina,Brodway,38,5 Bashford Court,13th Floor,Andongwei,,Female
Latrina,Gee,92,12950 Old Shore Trail,Apt 1705,As Sūq al Jadīd,,Female
Ansley,Picford,45,145 Mesta Terrace,Room 1694,Zaoshi,,Female
Cole,MacMurray,76,23865 Spohn Center,Apt 508,Bang Lamung,,Male
Corbett,Blackborne,57,11052 Steensland Place,Room 87,Baton Rouge,Louisiana,Male
Antoinette,Delany,85,7 Charing Cross Avenue,4th Floor,Przodkowo,,Female
Dian,Howood,4,0 Warbler Center,Apt 501,Kalampáka,,Genderqueer
Lindy,Whate,39,23643 Carey Road,Suite 76,Victoria,,Female
Addison,Stener,73,2 Northfield Center,2nd Floor,Sibaté,,Male
Dolores,Lennon,5,6 Hayes Point,Room 143,Suncun,,Female
Agnesse,Waggatt,50,5626 Hanson Plaza,2nd Floor,Balgarevo,,Female
Teodoor,Amiable,27,965 Cherokee Way,PO Box 56716,Kanazawa-shi,,Male
Rana,Debney,72,793 Hoepker Alley,PO Box 8230,Mojimán,,Female
Audy,Piddle,27,0 Chive Center,Suite 54,Xiongzhang,,Female
Kaspar,Gerrelt,94,249 Golf View Circle,PO Box 38798,Tongqian,,Male
Agretha,Nyland,20,84 Mcguire Hill,PO Box 75921,Orléans,Centre,Female
Aloysia,Casillas,61,51224 Carey Lane,Apt 1515,Sinmak,,Female
Ashly,Ewols,106,1514 Meadow Vale Avenue,Apt 1296,Shouyan,,Female
Rikki,Muro,85,021 Chinook Trail,7th Floor,Saint Petersburg,,Male
Alicea,Sherston,88,8167 Namekagon Lane,7th Floor,Ploemeur,Bretagne,Female
Carlin,Filimore,94,22 Delladonna Road,PO Box 34019,Veselynove,,Male
Natka,Sawford,101,15 North Place,Suite 55,Tarikolot,,Genderfluid
Shayla,Quilliam,14,0756 Petterle Circle,Suite 76,Sindangsari,,Female
Wandis,Burlay,108,82 Reindahl Terrace,PO Box 6141,Russeifa,,Female
Ebenezer,Skittrell,119,138 Kim Point,7th Floor,Yuanjue,,Male
Xerxes,Casbourne,1,6383 Dunning Center,Apt 1638,Kataba,,Male
Eustace,Fonteyne,84,377 5th Center,Suite 41,Fucun,,Male
Paulo,Enriques,117,5781 Burrows Avenue,PO Box 95354,Além do Rio,Braga,Male
Loree,Maxsted,89,8236 Shasta Pass,14th Floor,Dalupirip,,Agender
Celeste,Lachaize,92,486 Manufacturers Lane,Room 1277,Totoras,,Female
Bordy,Cavell,88,747 Acker Hill,15th Floor,Cowansville,Québec,Male
Arielle,Jobb,14,2 Atwood Alley,15th Floor,Liangjing,,Female
Edie,Fane,32,66 Heffernan Park,Apt 862,Vandœuvre-lès-Nancy,Lorraine,Female
Adel,Bau,97,938 Merry Plaza,Suite 39,Silvares,Castelo Branco,Female
Melosa,Tafani,24,3 Northport Terrace,14th Floor,Los Algarrobos,,Female
Goldia,Gooding,36,274 Hooker Circle,PO Box 37591,Matão,,Female
Zack,Travis,63,65729 Drewry Trail,Apt 1007,Aucayacu,,Male
Darrel,Baber,93,11199 School Trail,Room 1592,Yungaisi,,Male
Cassi,Lattimer,47,8 Hoepker Lane,14th Floor,Chengshan,,Female
Emma,Hovington,6,9380 Claremont Center,Room 1112,Maceió,,Female
Camille,Barock,62,9931 Namekagon Hill,PO Box 10118,Jrashen,,Bigender
Kelsey,Toman,118,70 Scofield Circle,Apt 264,Pallisa,,Male
Tuck,Aggis,59,97 Miller Terrace,14th Floor,Krzemienica,,Male
Marlow,Schulke,117,2 Vera Circle,Room 1538,Osorno,,Male
Reidar,Nibloe,53,3300 International Point,PO Box 78828,Xincheng,,Male
Judi,Waye,75,9 Sutteridge Crossing,Apt 700,Perth,Western Australia,Female
Zarla,Astall,81,6 Mosinee Road,14th Floor,Firmat,,Female
Terrie,Ilott,49,4 Blackbird Court,Room 632,Canggetelo,,Female
Lyndsey,Gresch,18,77358 Tennyson Point,Apt 1067,Paris 20,Île-de-France,Female
Rubie,Duffin,77,90362 American Road,Apt 1005,Khadan Khāk,,Genderqueer
Neala,Duigenan,60,947 Montana Plaza,Suite 13,Pidvolochys’k,,Female
Koenraad,Twigge,107,5465 Weeping Birch Plaza,Suite 5,Jinshanwei,,Male
Tildi,Knowlman,93,91625 Del Mar Lane,Suite 67,Kristinehamn,Värmland,Female
Alejoa,Vanne,97,592 Chinook Point,Apt 1726,Trondheim,Sor-Trondelag,Male
Adrianna,Biggerdike,48,7 Dixon Terrace,2nd Floor,Binguang,,Female
Jarrod,Tybalt,67,83112 Westerfield Center,PO Box 75202,Severo-Zadonsk,,Male
Spenser,Stockford,113,402 Spenser Avenue,Apt 1507,Dabbūrīya,,Male
Elly,Cragell,36,617 Mifflin Point,PO Box 7445,Liangwangzhuang,,Female
Ulrich,Loynton,98,482 Atwood Street,Suite 68,Yashiga,,Male
Angy,Poynzer,119,953 Buena Vista Terrace,PO Box 68061,Caringin,,Female
Ronalda,Havik,61,49 Green Trail,Suite 26,Tunal,,Female
Emmit,Bewly,15,2362 Judy Trail,PO Box 50872,Kindu,,Non-binary
Sibeal,Fanti,93,9212 Chinook Point,PO Box 46498,Bordeaux,Aquitaine,Female
Mamie,Bettinson,81,4 Kings Circle,PO Box 88878,Gobernador Gálvez,,Female
Hilde,Cow,115,526 Ridge Oak Way,Apt 390,São José,,Female
Levy,Isacsson,19,9 Butternut Drive,16th Floor,Toulon,Provence-Alpes-Côte d'Azur,Male
Darnell,Kettlestringe,16,987 Dakota Pass,Apt 543,Kurye,,Male
Ab,Ferroli,5,37 Rockefeller Crossing,PO Box 43228,Puerto San José,,Male
Roarke,Calder,1,9162 Transport Point,Suite 44,Bandhagen,Stockholm,Male
Berte,Golborn,46,2796 Eggendart Plaza,Room 306,Qobu,,Female
Andie,Dautry,55,3594 Bluejay Park,Apt 469,Tindog,,Female
Rikki,Earles,120,1146 Di Loreto Way,Suite 30,Zaklików,,Female
Frederica,Climie,44,19 Lerdahl Park,Suite 29,Anápolis,,Agender
Clarabelle,Priddis,35,41548 Nobel Street,15th Floor,Chenda,,Female
Linnea,Hawler,77,720 Redwing Circle,6th Floor,Patong,,Female
Dulce,Pledge,118,75 Talmadge Drive,Room 1789,Sandakan,Sabah,Female
Sabra,Frayn,102,5 Gerald Terrace,Room 1114,Sarlat-la-Canéda,Aquitaine,Non-binary
Norah,Drew,95,9 Columbus Alley,Room 1250,Banjar Pande,,Polygender
Berke,Hargreaves,104,328 Corben Terrace,Room 916,Dejilin,,Male
Laverna,Bengtsen,35,699 Barnett Road,Suite 26,Hanjianglu,,Female
Becca,Ruddom,113,6104 Sage Terrace,4th Floor,Sofifi,,Female
Pooh,Lough,16,175 Starling Plaza,Suite 87,Saverne,Alsace,Female
Gena,Dosedale,19,07 Sutteridge Terrace,Apt 1331,Cibalieur,,Female
Charlton,Addenbrooke,5,665 Cambridge Place,PO Box 96839,Mendeleyevo,,Agender
Briny,Chretien,68,9 Fisk Road,Room 239,København,Region Hovedstaden,Female
Ky,Philpot,22,3108 Ryan Lane,PO Box 25008,Buganda,,Non-binary
Bord,David,50,9 Ludington Avenue,Apt 1135,Tournon-sur-Rhône,Rhône-Alpes,Male
Homere,Hazell,48,16 Daystar Drive,Apt 744,Vera Cruz,Évora,Male
Monte,Lyle,115,67502 Clemons Junction,20th Floor,El Llano,,Male
Pepito,Giral,87,86 Mendota Pass,6th Floor,Prelog,,Genderqueer
Gris,McGrory,114,24 Glendale Court,9th Floor,Paraty,,Male
Sib,Cade,30,97569 Victoria Street,Suite 67,Baiguo,,Female
Maximo,Westnedge,103,255 Bunting Way,Room 835,Paujiles,,Male
Hadleigh,Quernel,85,37060 Stoughton Road,PO Box 24008,Cerklje na Gorenjskem,,Polygender
Darrel,Dodman,105,1135 Lakewood Gardens Street,PO Box 98004,Sobral,,Male
Helen,Longson,78,77178 Pine View Pass,12th Floor,Qui Nhon,,Female
Vonny,Wordley,4,91 Golf Course Crossing,10th Floor,Helie,,Female
Jesse,Cucuzza,59,8 Cascade Center,20th Floor,Bousso,,Male
Tann,Caff,101,791 Farwell Point,Suite 78,Bachok,Kelantan,Male
Milicent,Roll,35,9 Everett Trail,5th Floor,Thika,,Female
Gayla,Mosley,103,7 Coolidge Street,Apt 892,Urengoy,,Female
Millisent,Almeida,111,59684 Old Gate Park,Suite 34,Värnamo,Jönköping,Female
Angelo,Sorton,87,54 Continental Drive,Room 691,Simuay,,Male
Klement,Ronayne,6,37532 La Follette Crossing,Suite 69,Giado,,Polygender
Nanni,Gath,87,60 American Avenue,Room 358,Cabog,,Female
Fabian,Fairholm,92,9911 Sloan Way,20th Floor,Achanizo,,Polygender
Reggi,Tink,118,7 Jenna Park,Suite 47,Rijswijk,Provincie Zuid-Holland,Female
Alvie,Antonin,85,77 Sugar Terrace,Apt 308,Jixi,,Male
Emelda,Cootes,33,7 American Point,Suite 7,Yopal,,Female
Obed,Castagna,65,204 Golf Course Way,Apt 969,Épinal,Lorraine,Male
Stanislas,Osorio,57,6231 Hazelcrest Place,Apt 470,Kamenka,,Male
Romola,Simonot,104,08 Johnson Road,Room 1195,Guitang,,Female
Newton,Gosalvez,34,101 Norway Maple Trail,Apt 1535,Laba Goumen,,Male
Dallon,Torald,28,94795 Knutson Street,13th Floor,Saint Croix,,Male
Katherine,Wilsey,23,9 Calypso Lane,Room 1110,Nila Dua,,Female
Wolf,Roscoe,15,88151 Eastwood Plaza,Apt 265,Pekalongan,,Male
Glenn,Tapsfield,56,11 4th Way,Apt 1866,Raphoe,,Male
Brita,Battman,64,8 Loeprich Avenue,Room 1621,Tubarão,,Female
Harman,Stranks,111,6 1st Court,Suite 28,Montauban,Midi-Pyrénées,Male
Nikolaos,Gleasane,88,255 Alpine Court,Suite 46,Ndjolé,,Male
Pancho,Bridgement,84,2626 Maywood Way,Suite 59,Piltown,,Male
Alvinia,Abrahamovitz,67,13 Rieder Road,8th Floor,Shambu,,Female
Lek,Castellaccio,79,4116 Talisman Lane,16th Floor,Burrel,,Male
Agathe,Buney,11,55 Lake View Court,Room 429,Anserma,,Female
Ulrica,Iffe,104,52358 Tomscot Parkway,8th Floor,Tây Đằng,,Polygender
Fredek,Martinon,17,191 Summerview Point,Apt 1055,Dongshan,,Male
Krisha,Calafate,16,683 Carioca Lane,Apt 1336,Hrodna,,Male
Cal,Thomasen,29,30 Delaware Crossing,Suite 88,Yasynuvata,,Male
Kenny,Josland,94,815 Sommers Trail,Apt 158,Flórina,,Male
Trefor,Ogus,42,4756 Scoville Place,PO Box 38761,Sumberwaru,,Male
Essa,Densey,120,4 North Junction,PO Box 35045,Mloko,,Female
Derk,Reford,54,099 Declaration Junction,Apt 1549,Kampungmasjid,,Male
Celina,Ormrod,98,884 Northfield Pass,Apt 1694,Yorii,,Female
Penelopa,Mityushkin,119,6877 Rieder Road,Room 1341,Lamadelaine,,Female
Alwyn,Pomfrey,61,1 Farragut Parkway,PO Box 98230,Sundsvall,Västernorrland,Male
Victor,Curgenven,119,8337 Leroy Point,Room 710,Orléans,Centre,Male
Gloria,Doul,0,036 Sutherland Place,Suite 33,Shunhe,,Female
Vida,Meus,88,70261 Mesta Park,PO Box 22448,Jeremoabo,,Female
Laurette,Ohrt,6,6912 Lakewood Plaza,Room 826,Galamares,Lisboa,Female
Pascale,De Angelis,87,9577 Mockingbird Place,Room 747,Rekowo Dolne,,Male
Hermon,McPake,113,140 Pine View Avenue,PO Box 1953,Jingjiang,,Male
Oona,Domenc,105,35242 Longview Junction,Apt 797,Gaozhou,,Female
Maxwell,Syddie,118,7 Sullivan Park,Apt 1198,Kedungreja,,Male
Willow,Goshawk,68,49 Merrick Junction,Room 1957,Yuhang,,Female
Teddi,Birtles,102,563 Mitchell Plaza,16th Floor,Solidaridad,Tamaulipas,Female
Cody,Snelgrove,18,438 Russell Avenue,2nd Floor,Shimabara,,Male
Jodi,Hawksley,118,52 Morningstar Center,Room 602,Villeneuve-la-Garenne,Île-de-France,Female
Nerty,Labarre,111,920 Eastwood Alley,3rd Floor,Nyuksenitsa,,Female
Darcey,Yarnley,102,12675 Orin Point,7th Floor,Candon,,Female
Malinda,Benkhe,93,00 Randy Alley,15th Floor,El Calvario,Puebla,Female
Carlo,Elders,81,742 Stephen Pass,Suite 20,Tarvasjoki,,Agender
Sacha,Quickfall,99,139 Vermont Drive,Suite 40,Jardín América,,Genderfluid
Raoul,Merryman,36,78 Anniversary Center,PO Box 33413,Svetlyy,,Male
Harman,Morrilly,11,22780 Porter Road,PO Box 1347,Śmiłowo,,Genderqueer
Lacey,Yurkevich,48,2151 Pennsylvania Parkway,4th Floor,Bayantal,,Genderqueer
Teddi,Slowley,90,9462 Killdeer Court,Room 850,Greensboro,North Carolina,Female
Abbie,Alyoshin,108,13358 Mallard Crossing,PO Box 41956,Mīrwāh Gorchani,,Male
Charlot,MacPhee,47,04 Reinke Place,9th Floor,Cineumbeuy,,Female
Karrah,Maffucci,101,2318 Reindahl Pass,Apt 1281,Calgary,Alberta,Female
Heather,Blazhevich,86,7187 Carioca Trail,PO Box 67732,Manaulanan,,Female
Ivy,Pardi,2,932 Union Park,Suite 58,Krzeczów,,Female
Rockwell,Danbi,82,3731 Anhalt Junction,Room 543,La Ceja,,Male
Albert,Juza,17,2 Becker Alley,Room 1210,Melbourne,Florida,Male
Kaiser,Scading,3,4 Mccormick Park,PO Box 89304,Tsimkavichy,,Male
Kristoforo,FitzGeorge,63,178 Ridge Oak Alley,Suite 15,Mranggen,,Male
Corinna,Panther,106,48612 Towne Avenue,Apt 604,Yangtan,,Female
Bartram,Keggins,108,07896 Northwestern Plaza,PO Box 30210,Kameyama,,Male
Adolph,Degnen,2,5640 Clemons Circle,Suite 44,Toyohashi,,Male
Ree,Winger,71,5 Bluejay Junction,Apt 88,Xiaoguai,,Female
Daniele,Ollet,7,31782 Oxford Alley,PO Box 78860,Maoping,,Female
Linnell,Claye,49,9434 Northport Avenue,PO Box 35609,Slobodnica,,Female
Anallise,Lawrenson,43,382 Arkansas Pass,Apt 1855,Jianguo,,Female
Lorinda,Gilder,71,18 Holmberg Way,5th Floor,Circa,,Female
Mariana,Peevor,116,94357 Gina Street,Room 887,Mnichovo Hradiště,,Female
Ashlen,Danser,46,8090 Burrows Point,Apt 1190,Longbei,,Female
Kane,Gregorio,21,7563 Ramsey Park,18th Floor,Hanting,,Male
Olin,Klimecki,89,24 Marcy Lane,Apt 567,Knoxville,Tennessee,Male
Frasquito,Milne,56,1 Maryland Plaza,PO Box 50326,Enschede,Provincie Overijssel,Male
Mallory,Richards,97,22491 Hayes Alley,Suite 34,Lovrenc na Pohorju,,Genderqueer
Manolo,Helliker,105,2310 Hollow Ridge Terrace,PO Box 80034,Walce,,Male
Fidelio,Karmel,84,21004 Reindahl Hill,9th Floor,Karlstad,Värmland,Genderqueer
Leeann,Kermon,73,3994 Eggendart Drive,Suite 25,Tongyu,,Female
Milissent,Bendan,0,234 Bonner Crossing,Apt 1340,Donegal,,Female
Rafaellle,Denton,85,2 Dryden Center,Room 1808,Niort,Poitou-Charentes,Male
Roma,McQuaide,23,999 Prairie Rose Pass,Suite 18,Golema Rečica,,Male
Loren,Di Franceschi,4,10 Knutson Crossing,Suite 98,Lycksele,Västerbotten,Female
Neils,Stonbridge,35,76 Graedel Alley,Room 1936,Starokucherganovka,,Male
Maris,Carlin,72,9812 Schmedeman Drive,18th Floor,Sanxi,,Female
Carol,Parrin,72,48 Wayridge Parkway,Suite 66,Barotac Viejo,,Female
June,Plott,77,8266 Bluejay Junction,Apt 1058,Bilüü,,Female
Syman,Hessenthaler,36,110 Onsgard Plaza,Room 1900,Hovězí,,Male
Caddric,Hasell,27,7471 6th Way,Apt 687,Yatsuomachi-higashikumisaka,,Male
Wilt,Chandler,28,26596 Crowley Junction,Apt 1562,Alpūrai,,Male
Shae,Fayerbrother,5,86 1st Way,Apt 29,Resistencia,,Female
Kalli,Clohissy,105,873 Dorton Terrace,Suite 44,Liujiage,,Female
Molli,McCory,91,9 Carpenter Way,15th Floor,Datun,,Female
Spense,Columbell,75,056 Lunder Trail,Room 1216,Junín,,Male
Faustina,Pickford,114,6379 Caliangt Avenue,6th Floor,Shaba,,Female
Falkner,Fritschmann,0,4 Prairieview Plaza,Apt 1485,Övertorneå,Norrbotten,Male
Layney,De Winton,35,127 Tennyson Plaza,PO Box 24146,München,Bayern,Female
Reeva,Brinkworth,57,108 Jackson Drive,PO Box 55328,Gununglajang,,Female
Darryl,Blezard,37,1023 Sutteridge Circle,PO Box 53192,Huanren,,Female
Lloyd,Drakeford,84,63939 Dryden Street,Suite 95,Gucheng,,Male
Carling,Feldman,10,2917 Buena Vista Center,Suite 6,Pasarkolot,,Male
Katie,Haxby,83,57 Scoville Lane,Suite 51,Thị Trấn Tủa Chùa,,Female
Arlan,Rouzet,76,99 Schiller Pass,7th Floor,Quemú Quemú,,Male
Hailee,Calloway,9,969 Dovetail Lane,Suite 100,Akashi,,Female
Carley,Blaw,12,27772 Blue Bill Park Terrace,Suite 19,Otradnyy,,Female
Sherye,Giamitti,60,421 Morningstar Court,Apt 1796,Błaszki,,Female
Terrijo,McGonagle,41,80 Jackson Street,PO Box 92874,Tancheng,,Female
Bruis,Grombridge,34,6468 North Junction,6th Floor,Talca,,Male
Ardyce,Bullivant,5,53 Jana Street,PO Box 60781,Lagos da Beira,Coimbra,Female
Gaile,Strathearn,87,7 Elmside Trail,Room 552,Jibu Hulangtu,,Male
